ride_id,rideable_type,started_at,ended_at,start_station_name,start_station_id,end_station_name,end_station_id,start_lat,start_lng,end_lat,end_lng,member_casual,ride_length_minutes,day_of_week
C7F1FCFCD35E7252,electric_bike,12/10/2025 1:26:48,12/10/2025 1:33:30,,,State St & 123rd St,CHI00838,41.69,-87.61,41.67064384,-87.62258649,casual,6,4
DC6AAACA1786B1CF,electric_bike,12/27/2025 23:52:25,12/28/2025 0:00:27,,,Racine Ave & 115th St,CHI01965,41.69,-87.61,41.68476,-87.65196,casual,8,7
B7FA3C8810E2AEBB,electric_bike,12/18/2025 16:13:13,12/18/2025 16:18:38,,,,,41.69,-87.65,41.69,-87.65,casual,5,5
507D937F0EC775FA,electric_bike,12/18/2025 15:49:37,12/18/2025 15:52:34,,,,,41.69,-87.65,41.69,-87.64,casual,2,5
F4BA847AD942D801,electric_bike,12/19/2025 16:23:58,12/19/2025 16:45:43,,,,,41.7,-87.62,41.69,-87.61,casual,21,6
E7D175590D7BD05D,electric_bike,12/21/2025 16:53:08,12/21/2025 17:10:32,,,,,41.69,-87.65,41.69,-87.65,casual,17,1
58CE5E6C232AB861,electric_bike,12/18/2025 16:03:03,12/18/2025 16:09:47,,,,,41.69,-87.64,41.69,-87.64,casual,6,5
951826BBB2A834B9,electric_bike,12/19/2025 12:34:47,12/19/2025 12:40:45,,,,,41.69,-87.65,41.69,-87.65,casual,5,6
7F8014B7B1263504,electric_bike,12/16/2025 22:33:38,12/16/2025 22:56:14,,,Halsted St & 111th St,CHI00956,41.69,-87.61,41.69226256,-87.64261186,casual,22,3
A82232A15F0A9D3E,electric_bike,12/21/2025 22:33:49,12/21/2025 22:39:44,,,Martin Luther King Dr & 111th St,CHI00817,41.7,-87.6,41.69263896,-87.61367386,casual,5,1
50D9994215C369AC,electric_bike,12/22/2025 1:04:37,12/22/2025 1:08:54,,,Western Ave & 104th St,CHI00859,41.72,-87.68,41.7045871,-87.68120348,casual,4,2
8B1E79B9EDEE4811,electric_bike,12/22/2025 3:56:09,12/22/2025 4:06:38,,,,,41.72,-87.57,41.71,-87.57,member,10,2
9722DB3D1A936201,electric_bike,12/31/2025 17:41:14,12/31/2025 17:43:34,,,,,41.71,-87.57,41.71,-87.57,member,2,4
BA5335BB9A37A824,electric_bike,12/21/2025 20:06:00,12/21/2025 20:18:26,,,,,41.71,-87.64,41.71,-87.64,casual,12,1
7BE0B41DB6223422,electric_bike,12/16/2025 23:13:17,12/16/2025 23:17:12,,,Western Ave & 101st St,CHI01981,41.71,-87.67,41.71011,-87.68198,casual,3,3
24CAECABAC0D14AB,electric_bike,12/27/2025 13:03:33,12/27/2025 13:06:20,,,Walden Pkwy & 100th St,CHI00795,41.71,-87.67,41.7121641,-87.66773343,casual,2,7
96F3CAC552C58A01,electric_bike,12/28/2025 2:38:32,12/28/2025 2:45:20,,,Chicago State University,CHI00767,41.74,-87.61,41.71896342,-87.60829568,casual,6,1
2A1C01FF7AF5AB4A,electric_bike,12/3/2025 16:49:35,12/3/2025 17:12:41,,,Halsted St & 96th St,CHI02029,41.74,-87.63,41.71971218,-87.64301956,member,23,4
B80C0B7BA3CBCC4B,electric_bike,12/16/2025 11:56:35,12/16/2025 12:09:26,,,,,41.73,-87.67,41.72,-87.66,casual,12,3
73741C43D7306CD4,electric_bike,12/6/2025 14:49:50,12/6/2025 14:56:53,,,,,41.72,-87.64,41.72,-87.62,casual,7,7
BB89139EB99DC090,electric_bike,12/18/2025 19:49:55,12/18/2025 19:53:54,,,,,41.72,-87.58,41.72,-87.57,casual,3,5
D01246AA1B748903,electric_bike,12/16/2025 12:30:56,12/16/2025 13:43:56,,,,,41.73,-87.68,41.72,-87.64,member,73,3
B0C14C22A8333FD9,electric_bike,12/18/2025 11:59:29,12/18/2025 12:02:36,,,,,41.72,-87.58,41.72,-87.58,casual,3,5
C5005E17027D99F9,electric_bike,12/5/2025 23:39:08,12/5/2025 23:44:35,,,,,41.71,-87.57,41.72,-87.57,member,5,6
5EBD6849E56DFCAF,electric_bike,12/18/2025 11:46:11,12/18/2025 11:54:58,,,,,41.72,-87.57,41.72,-87.58,casual,8,5
8AEEE350BFD309B4,electric_bike,12/28/2025 23:21:08,12/28/2025 23:27:12,,,,,41.73,-87.55,41.72,-87.54,casual,6,1
C6ABFCCD5627933F,electric_bike,12/31/2025 11:41:11,12/31/2025 12:23:33,,,Vincennes Ave & 95th St,CHI01912,41.72,-87.67,41.72126,-87.65005,member,42,4
9852C8746E92C4E4,electric_bike,12/31/2025 22:50:37,12/31/2025 22:59:04,,,Vincennes Ave & 95th St,CHI01912,41.72,-87.62,41.72126,-87.65005,member,8,4
FD213E145FD6BAF0,electric_bike,12/20/2025 1:04:07,12/20/2025 1:10:05,,,Halsted St & 93rd St,CHI01929,41.74,-87.66,41.72489,-87.64358,casual,5,7
FBEC8EC953220782,electric_bike,12/20/2025 17:07:00,12/20/2025 17:23:11,,,,,41.73,-87.58,41.73,-87.58,member,16,7
D4C6308D9034C6E1,electric_bike,12/19/2025 15:46:48,12/19/2025 16:30:22,,,,,41.73,-87.58,41.73,-87.58,member,43,6
AA6C1966FC334CBD,electric_bike,12/18/2025 22:28:42,12/18/2025 22:39:12,,,,,41.73,-87.58,41.73,-87.58,member,10,5
2D3EE0EC2772D889,electric_bike,12/18/2025 5:53:16,12/18/2025 5:59:01,,,Wabash Ave & 87th St,CHI00736,41.73,-87.63,41.73655302,-87.62264416,casual,5,5
EA4656BA20F3A412,electric_bike,12/22/2025 20:51:56,12/22/2025 21:09:12,,,,,41.77,-87.57,41.74,-87.6,member,17,2
27B3821EB055789E,electric_bike,12/23/2025 19:42:38,12/23/2025 19:58:09,,,,,41.7,-87.61,41.74,-87.63,casual,15,3
D4965563AED277F7,electric_bike,12/22/2025 21:26:14,12/22/2025 21:47:04,,,,,41.74,-87.6,41.74,-87.6,member,20,2
A747099CB65D7F28,electric_bike,12/19/2025 11:02:22,12/19/2025 11:07:52,,,,,41.75,-87.74,41.74,-87.74,member,5,6
3D6D2A55EDA48B63,electric_bike,12/9/2025 14:46:36,12/9/2025 15:02:43,,,,,41.76,-87.61,41.74,-87.63,member,16,3
D5FC69F2E208FA3F,electric_bike,12/2/2025 15:00:45,12/2/2025 15:16:43,,,,,41.76,-87.61,41.74,-87.63,member,15,3
9BD53A612BD834E1,electric_bike,12/15/2025 16:23:13,12/15/2025 16:38:04,,,,,41.76,-87.61,41.74,-87.63,member,14,2
528981BC0DEEB1AF,electric_bike,12/17/2025 22:08:14,12/17/2025 22:14:43,,,,,41.75,-87.7,41.74,-87.69,casual,6,4
9750C960EDAE8B80,electric_bike,12/12/2025 11:57:22,12/12/2025 12:14:13,,,,,41.76,-87.61,41.74,-87.63,member,16,6
7A2CA35C47C905E8,electric_bike,12/21/2025 21:28:59,12/21/2025 21:47:25,,,,,41.77,-87.57,41.74,-87.6,member,18,1
8BAA25812F614988,electric_bike,12/1/2025 12:38:14,12/1/2025 13:11:05,,,,,41.72,-87.59,41.74,-87.6,member,32,2
0BA005147E75074F,electric_bike,12/19/2025 13:56:49,12/19/2025 14:11:08,,,Wabash Ave & 83rd St,CHI00729,41.76,-87.61,41.74335976,-87.62284398,member,14,6
527A793F20E69C3C,electric_bike,12/18/2025 14:31:02,12/18/2025 14:37:51,,,Damen Ave & 81st St,CHI01545,41.74,-87.69,41.746534,-87.673055,casual,6,5
6EB841DB095E53A0,electric_bike,12/12/2025 13:32:03,12/12/2025 13:40:03,,,Public Rack - Wrightwood Metra Station,CHI01652,41.75,-87.69,41.74891,-87.7037,casual,8,6
390975BD371A387A,electric_bike,12/11/2025 11:31:27,12/11/2025 11:38:39,,,Public Rack - Wrightwood Metra Station,CHI01652,41.75,-87.69,41.74891,-87.7037,casual,7,5
0A584CCCDFEFE136,electric_bike,12/24/2025 9:31:44,12/24/2025 9:37:44,,,Columbus Ave & 79th St,CHI01805,41.74,-87.69,41.749119,-87.704263,casual,6,4
1D0E4AA7A0F17DB4,electric_bike,12/17/2025 11:21:44,12/17/2025 11:27:43,,,Columbus Ave & 79th St,CHI01805,41.74,-87.69,41.749119,-87.704263,casual,5,4
3E09C704BB072C53,electric_bike,12/8/2025 13:29:50,12/8/2025 13:36:15,,,Columbus Ave & 79th St,CHI01805,41.74,-87.69,41.749119,-87.704263,casual,6,2
9DE60E9075829AD4,electric_bike,12/18/2025 10:19:14,12/18/2025 10:29:14,,,,,41.76,-87.61,41.75,-87.62,member,9,5
408FF6479A8CED77,electric_bike,12/11/2025 17:48:58,12/11/2025 17:53:28,,,,,41.74,-87.6,41.75,-87.6,casual,4,5
1114AC9D9129E49E,electric_bike,12/12/2025 14:56:42,12/12/2025 15:17:37,,,,,41.75,-87.74,41.75,-87.74,casual,20,6
E2B0C6B998DCAEBD,electric_bike,12/21/2025 10:39:43,12/21/2025 10:48:32,,,,,41.77,-87.65,41.75,-87.65,casual,8,1
6F7ED98433D262A1,electric_bike,12/9/2025 17:37:42,12/9/2025 17:58:33,,,Vincennes Ave & 79th St,CHI01937,41.76,-87.59,41.7506,-87.63409,member,20,3
D6E208994AF1BDD3,electric_bike,12/13/2025 7:03:56,12/13/2025 7:07:20,,,Western Ave & 79th St,CHI01803,41.75,-87.69,41.750843,-87.682701,casual,3,7
2B6875D5AE9CBFDB,electric_bike,12/15/2025 23:27:37,12/15/2025 23:34:28,,,Greenwood Ave & 79th St,CHI01031,41.75,-87.63,41.75129,-87.5976,casual,6,2
D36B5B37EF40DF88,electric_bike,12/23/2025 21:17:42,12/23/2025 21:38:28,,,Vernon Ave & 75th St,CHI00712,41.74,-87.63,41.758361,-87.614138,member,20,3
6F789FBFC47ABCEF,electric_bike,12/19/2025 12:02:29,12/19/2025 12:11:00,,,,,41.76,-87.74,41.76,-87.74,member,8,6
BD7A3B26C6A1596E,electric_bike,12/22/2025 14:11:41,12/22/2025 14:22:57,,,,,41.76,-87.61,41.76,-87.61,member,11,2
8C4DC06913BC0841,electric_bike,12/19/2025 11:38:07,12/19/2025 11:57:54,,,,,41.74,-87.74,41.76,-87.74,member,19,6
DF24DDB84DB8728B,electric_bike,12/20/2025 13:07:38,12/20/2025 13:11:43,,,,,41.75,-87.62,41.76,-87.62,member,4,7
C6C59BD14C6B6522,electric_bike,12/14/2025 20:03:17,12/14/2025 20:11:47,,,,,41.76,-87.61,41.76,-87.61,member,8,1
5F253EA5643DFD0E,electric_bike,12/21/2025 19:23:54,12/21/2025 19:30:36,,,,,41.76,-87.61,41.76,-87.61,member,6,1
EA208CED4F3A8763,electric_bike,12/5/2025 7:00:49,12/5/2025 7:33:26,,,,,41.77,-87.58,41.76,-87.63,member,32,6
5ED56D991E7DA981,electric_bike,12/27/2025 23:32:13,12/28/2025 0:55:37,,,,,41.76,-87.61,41.76,-87.61,member,83,7
717F6EF9E9E8362A,electric_bike,12/10/2025 15:15:46,12/10/2025 15:18:49,,,,,41.76,-87.69,41.76,-87.68,casual,3,4
308857EF3CA251F6,electric_bike,12/2/2025 21:51:12,12/2/2025 22:49:23,,,,,41.74,-87.63,41.76,-87.61,member,58,3
F3236174631DEB7A,electric_bike,12/27/2025 0:55:11,12/27/2025 1:11:25,,,,,41.76,-87.57,41.76,-87.57,casual,16,7
CD028F2AAFCC3C14,electric_bike,12/9/2025 22:39:56,12/9/2025 22:47:06,,,,,41.76,-87.61,41.76,-87.61,member,7,3
4D14EEE3ACA90AB5,electric_bike,12/11/2025 22:12:30,12/11/2025 22:20:11,,,,,41.76,-87.61,41.76,-87.61,member,7,5
8F3C2C35FFFC425A,electric_bike,12/17/2025 13:46:56,12/17/2025 14:11:53,,,,,41.81,-87.64,41.76,-87.7,casual,24,4
F5604FEAD1636AE9,electric_bike,12/19/2025 21:41:54,12/19/2025 22:02:47,,,,,41.74,-87.63,41.76,-87.61,member,20,6
99C956F72C4DEA5C,electric_bike,12/8/2025 0:02:27,12/8/2025 0:12:09,,,,,41.76,-87.61,41.76,-87.61,member,9,2
7082B294F2CB925A,electric_bike,12/15/2025 22:46:16,12/15/2025 22:55:35,,,,,41.76,-87.61,41.76,-87.61,member,9,2
247C04FB8C583D9E,electric_bike,12/7/2025 13:47:09,12/7/2025 13:51:27,,,,,41.76,-87.62,41.76,-87.61,member,4,1
198931DC01875C09,electric_bike,12/27/2025 21:58:01,12/27/2025 22:40:12,,,,,41.75,-87.63,41.76,-87.61,member,42,7
203D11B591D58959,electric_bike,12/18/2025 21:21:06,12/18/2025 21:32:38,,,,,41.74,-87.63,41.76,-87.61,member,11,5
9F2A5E83C899166F,electric_bike,12/15/2025 21:41:33,12/15/2025 22:11:46,,,,,41.74,-87.63,41.76,-87.61,member,30,2
30586F7A711D0A0D,electric_bike,12/22/2025 13:10:36,12/22/2025 13:51:13,,,,,41.76,-87.61,41.76,-87.61,member,40,2
2E760F1044DCC626,electric_bike,12/7/2025 22:05:12,12/7/2025 22:23:37,,,,,41.74,-87.63,41.76,-87.61,member,18,1
E807A2EE2ACD4D15,electric_bike,12/25/2025 12:19:45,12/25/2025 12:43:09,,,,,41.76,-87.61,41.76,-87.61,member,23,5
FBDB12D74C56BB06,electric_bike,12/20/2025 10:36:59,12/20/2025 11:43:21,,,,,41.76,-87.61,41.76,-87.61,member,66,7
AADABD2144B32D7C,electric_bike,12/25/2025 10:57:28,12/25/2025 11:30:13,,,,,41.76,-87.61,41.76,-87.61,member,32,5
2FCDE5FBD4E2FC29,electric_bike,12/21/2025 1:19:35,12/21/2025 1:28:39,,,,,41.76,-87.61,41.76,-87.61,member,9,1
E8310AE059F90BF1,electric_bike,12/4/2025 22:57:44,12/4/2025 23:12:05,,,,,41.76,-87.61,41.76,-87.62,member,14,5
B291CD8A160D0CA5,electric_bike,12/23/2025 9:42:41,12/23/2025 10:10:07,,,Kedzie Ave & 73rd St,CHI01802,41.81,-87.64,41.760703,-87.702292,casual,27,3
A6D91B1C8B746EF6,electric_bike,12/9/2025 15:14:50,12/9/2025 15:57:18,,,Public Rack - Ashland Ave & 71st St,CHI01025,41.78,-87.67,41.76577,-87.66433,member,42,3
5F40630A8575217C,electric_bike,12/5/2025 8:41:58,12/5/2025 9:03:00,,,Public Rack - South Shore Dr & 71st St,CHI01422,41.74,-87.55,41.766206,-87.562789,member,21,6
1D102FFF46FBC131,electric_bike,12/16/2025 8:18:56,12/16/2025 8:36:57,,,Jeffery Blvd & 71st St,CHI00780,41.74,-87.55,41.76663824,-87.57645011,member,18,3
1875599BF5FAC24D,electric_bike,12/7/2025 12:30:22,12/7/2025 12:37:25,,,Halsted St & 69th St,CHI00218,41.77,-87.62,41.76906172,-87.64461358,casual,7,1
6400DC24E1317396,electric_bike,12/23/2025 7:24:36,12/23/2025 7:30:22,,,Perry Ave & 69th St,CHI00554,41.77,-87.65,41.76929309,-87.62819593,casual,5,3
03F438DC41DF5B26,electric_bike,12/24/2025 7:20:40,12/24/2025 7:25:43,,,Perry Ave & 69th St,CHI00554,41.77,-87.65,41.76929309,-87.62819593,casual,5,4
09E1BBF33805A011,electric_bike,12/30/2025 7:29:13,12/30/2025 7:34:16,,,Perry Ave & 69th St,CHI00554,41.77,-87.65,41.76929309,-87.62819593,casual,5,3
E6659DADA3ED1CCE,electric_bike,12/13/2025 17:28:23,12/13/2025 17:47:31,,,Perry Ave & 69th St,CHI00554,41.77,-87.63,41.76929309,-87.62819593,casual,19,7
5B66F49A7F314A13,electric_bike,12/22/2025 23:32:06,12/22/2025 23:53:39,,,,,41.74,-87.6,41.77,-87.57,member,21,2
3C956A3619A82503,electric_bike,12/21/2025 10:27:03,12/21/2025 10:33:09,,,,,41.78,-87.66,41.77,-87.65,casual,6,1
49D0C87CA9EED4E0,electric_bike,12/25/2025 22:21:20,12/25/2025 22:24:16,,,,,41.77,-87.63,41.77,-87.64,casual,2,5
90E9230C1211F1F1,electric_bike,12/21/2025 11:12:49,12/21/2025 11:21:08,,,,,41.75,-87.65,41.77,-87.65,casual,8,1
1585657D38151C4E,electric_bike,12/22/2025 17:29:00,12/22/2025 17:37:47,,,,,41.77,-87.63,41.77,-87.64,casual,8,2
F4EC8BC41820C7AE,electric_bike,12/31/2025 4:46:42,12/31/2025 4:50:40,,,,,41.77,-87.64,41.77,-87.63,casual,3,4
0EBA0FFB3E14E5A3,electric_bike,12/22/2025 0:07:48,12/22/2025 0:21:07,,,,,41.74,-87.6,41.77,-87.57,member,13,2
B5A015FB3A24FADA,electric_bike,12/31/2025 20:09:41,12/31/2025 20:22:47,,,,,41.77,-87.64,41.77,-87.64,casual,13,4
8229A787DC413AD3,electric_bike,12/4/2025 23:02:17,12/4/2025 23:22:15,,,,,41.78,-87.67,41.77,-87.66,member,19,5
7D8157E30004E811,electric_bike,12/3/2025 21:03:50,12/3/2025 21:15:21,,,,,41.79,-87.6,41.77,-87.61,member,11,4
7AEA299352858570,electric_bike,12/20/2025 23:39:47,12/20/2025 23:57:39,,,,,41.8,-87.59,41.77,-87.57,member,17,7
CF51EEE8CFAC895A,electric_bike,12/25/2025 22:16:15,12/25/2025 22:19:01,,,,,41.77,-87.64,41.77,-87.63,casual,2,5
16390B84F186E947,electric_bike,12/31/2025 14:28:02,12/31/2025 14:35:29,,,,,41.77,-87.63,41.77,-87.64,casual,7,4
6ADDEC5A6D42790D,electric_bike,12/15/2025 15:13:27,12/15/2025 15:14:56,,,Public Rack - Marquette Rd & 67th St,CHI01464,41.77,-87.61,41.773095,-87.612886,member,1,2
141479CD774CECBA,electric_bike,12/24/2025 8:35:38,12/24/2025 9:05:32,,,Stony Island Ave & 67th St,CHI00561,41.81,-87.66,41.7734585,-87.58533974,member,29,4
D0269C07C61D3174,electric_bike,12/22/2025 16:01:15,12/22/2025 16:22:58,,,Stony Island Ave & 67th St,CHI00561,41.81,-87.6,41.7734585,-87.58533974,casual,21,2
0AAB8B3350463F9E,electric_bike,12/20/2025 23:47:47,12/20/2025 23:59:27,,,Jeffery Blvd & 67th St,CHI00546,41.79,-87.6,41.77351755,-87.57714283,casual,11,7
1A933E673D8C3EE2,electric_bike,12/3/2025 7:46:49,12/3/2025 8:01:03,,,Public Rack - Champlain Ave & 65th St,CHI01465,41.8,-87.58,41.775904,-87.609301,casual,14,4
556B6F32BA17A409,electric_bike,12/5/2025 7:48:20,12/5/2025 8:00:57,,,Public Rack - Champlain Ave & 65th St,CHI01465,41.8,-87.58,41.775904,-87.609301,casual,12,6
FFF003A2124D11D6,electric_bike,12/30/2025 15:07:21,12/30/2025 15:17:39,,,University Ave & 65th St,CHI01994,41.78,-87.61,41.77694,-87.59842,casual,10,3
546473C96D76139C,electric_bike,12/16/2025 13:49:48,12/16/2025 15:26:10,,,Rockwell St & 63rd St,CHI00917,41.72,-87.64,41.7787905,-87.6885894,member,96,3
0B2118D0AD524CE8,electric_bike,12/18/2025 13:00:58,12/18/2025 13:20:35,,,Public Rack - Whipple St & 63rd St,CHI01482,41.84,-87.7,41.77888,-87.699811,member,19,5
90DA816A6982C93C,electric_bike,12/9/2025 9:23:27,12/9/2025 9:31:32,,,Stony Island Ave & 64th St,CHI00557,41.79,-87.6,41.778881,-87.586647,member,8,3
369474336E66AA94,electric_bike,12/23/2025 16:31:07,12/23/2025 16:33:46,,,Public Rack - Ashland Ave & 63rd St,CHI01462,41.78,-87.67,41.779127,-87.664039,member,2,3
7B0E55921A32A36F,electric_bike,12/3/2025 15:12:39,12/3/2025 15:20:38,,,,,41.78,-87.61,41.78,-87.59,member,7,4
DCD3E7767C5E96CC,electric_bike,12/23/2025 13:51:20,12/23/2025 13:54:38,,,,,41.78,-87.61,41.78,-87.59,casual,3,3
C716A8E278422A31,electric_bike,12/8/2025 14:55:32,12/8/2025 15:00:48,,,,,41.79,-87.6,41.78,-87.6,casual,5,2
ED1FDA07EF6D9721,electric_bike,12/22/2025 12:52:35,12/22/2025 12:56:31,,,,,41.79,-87.6,41.78,-87.6,member,3,2
B523B29462414213,electric_bike,12/26/2025 18:07:06,12/26/2025 18:10:51,,,,,41.79,-87.61,41.78,-87.6,member,3,6
B57CAB8BF9882944,electric_bike,12/11/2025 17:32:51,12/11/2025 17:36:25,,,,,41.78,-87.59,41.78,-87.59,casual,3,5
E13F46ED03E20D58,electric_bike,12/3/2025 14:47:28,12/3/2025 14:49:45,,,,,41.78,-87.61,41.78,-87.61,member,2,4
09340573A99724B8,electric_bike,12/18/2025 20:22:36,12/18/2025 20:31:56,,,,,41.8,-87.59,41.78,-87.6,member,9,5
5CC4BA2E90CDB782,electric_bike,12/2/2025 17:38:52,12/2/2025 17:44:38,,,,,41.79,-87.61,41.78,-87.6,member,5,3
8A479CDF9E1B22F5,electric_bike,12/9/2025 10:53:08,12/9/2025 10:56:06,,,,,41.79,-87.6,41.78,-87.6,member,2,3
C2F4A1F92DC0675C,electric_bike,12/8/2025 20:27:35,12/8/2025 20:31:00,,,,,41.79,-87.6,41.78,-87.6,member,3,2
5D08C79C4C977DF5,electric_bike,12/2/2025 20:40:12,12/2/2025 20:44:08,,,,,41.79,-87.6,41.78,-87.6,member,3,3
308BB6166AAC571A,electric_bike,12/16/2025 19:42:26,12/16/2025 19:45:51,,,,,41.78,-87.59,41.78,-87.59,casual,3,3
211701BC4ABF9277,electric_bike,12/4/2025 19:54:24,12/4/2025 20:04:20,,,,,41.79,-87.6,41.78,-87.59,member,9,5
7F8AD40D64DCF182,electric_bike,12/13/2025 15:14:44,12/13/2025 15:22:51,,,,,41.8,-87.59,41.78,-87.59,casual,8,7
610D624BCADF3937,electric_bike,12/7/2025 12:00:04,12/7/2025 12:05:12,,,,,41.78,-87.61,41.78,-87.6,casual,5,1
2184164783513297,electric_bike,12/4/2025 20:05:38,12/4/2025 20:09:14,,,,,41.79,-87.6,41.78,-87.6,member,3,5
BC72A9633D0202A9,electric_bike,12/4/2025 23:24:36,12/4/2025 23:27:14,,,,,41.77,-87.66,41.78,-87.67,member,2,5
B6435A2779D93BC6,electric_bike,12/16/2025 19:23:21,12/16/2025 19:25:55,,,,,41.79,-87.6,41.78,-87.6,member,2,3
018376D8773DDF4F,electric_bike,12/7/2025 0:40:12,12/7/2025 0:42:44,,,,,41.79,-87.6,41.78,-87.6,member,2,1
3D1AD7BAA19B59C6,electric_bike,12/12/2025 17:12:14,12/12/2025 17:23:39,,,,,41.79,-87.6,41.78,-87.6,casual,11,6
25A11E062DC0858B,electric_bike,12/6/2025 15:22:36,12/6/2025 15:27:36,,,,,41.79,-87.6,41.78,-87.59,member,5,7
1636299B371D359B,electric_bike,12/6/2025 10:03:44,12/6/2025 10:08:01,,,,,41.79,-87.59,41.78,-87.59,member,4,7
2030A8D187FA5173,electric_bike,12/3/2025 20:08:54,12/3/2025 20:14:02,,,,,41.79,-87.61,41.78,-87.6,member,5,4
0487C5E07AA25D0A,electric_bike,12/4/2025 21:48:30,12/4/2025 22:07:05,,,,,41.79,-87.6,41.78,-87.6,casual,18,5
517808EBFB5E55A4,electric_bike,12/6/2025 14:53:15,12/6/2025 15:00:51,,,,,41.8,-87.59,41.78,-87.6,member,7,7
89500BDBC9F1EA53,electric_bike,12/12/2025 20:32:37,12/12/2025 20:39:57,,,,,41.8,-87.6,41.78,-87.59,member,7,6
9A5DA74E10480183,electric_bike,12/2/2025 19:05:30,12/2/2025 19:10:17,,,,,41.79,-87.6,41.78,-87.61,member,4,3
E8912760379F6173,electric_bike,12/7/2025 17:15:08,12/7/2025 17:23:36,,,,,41.79,-87.59,41.78,-87.6,member,8,1
C1F697E4BD37851C,electric_bike,12/7/2025 13:20:55,12/7/2025 13:22:29,,,,,41.78,-87.59,41.78,-87.59,member,1,1
CA9589DFE9C8F075,electric_bike,12/2/2025 17:04:29,12/2/2025 17:28:19,,,,,41.78,-87.6,41.78,-87.59,member,23,3
CCA025FC45C09C64,electric_bike,12/12/2025 5:22:19,12/12/2025 5:25:50,,,,,41.79,-87.59,41.78,-87.59,member,3,6
4A6773A2E6C075BC,electric_bike,12/15/2025 14:42:02,12/15/2025 14:46:08,,,,,41.78,-87.61,41.78,-87.6,member,4,2
BD7838376CADCCAC,electric_bike,12/6/2025 4:44:42,12/6/2025 4:46:32,,,,,41.78,-87.6,41.78,-87.6,casual,1,7
679089987E043C03,electric_bike,12/5/2025 21:11:10,12/5/2025 21:14:16,,,,,41.79,-87.6,41.78,-87.6,casual,3,6
5AAF8FED27BC291A,electric_bike,12/23/2025 18:10:15,12/23/2025 18:13:25,,,,,41.78,-87.61,41.78,-87.59,casual,3,3
D771A8E9F4ECDBB2,electric_bike,12/23/2025 13:21:59,12/23/2025 13:24:17,,,,,41.78,-87.6,41.78,-87.61,casual,2,3
4A4A2698E4AFC16F,electric_bike,12/3/2025 18:40:55,12/3/2025 19:00:10,,,,,41.79,-87.6,41.78,-87.6,member,19,4
5A0BB34DCB01684A,electric_bike,12/5/2025 8:57:20,12/5/2025 9:03:37,,,,,41.8,-87.6,41.78,-87.59,member,6,6
02B09C7D042409AD,electric_bike,12/5/2025 4:16:43,12/5/2025 4:20:47,,,,,41.79,-87.59,41.78,-87.59,member,4,6
5307777C35F9CD6B,electric_bike,12/5/2025 2:44:15,12/5/2025 2:50:06,,,,,41.78,-87.65,41.78,-87.67,member,5,6
2926428CABEE85DF,electric_bike,12/3/2025 0:18:02,12/3/2025 0:25:49,,,,,41.79,-87.59,41.78,-87.61,casual,7,4
1E8E5D05D337DF81,electric_bike,12/4/2025 14:19:57,12/4/2025 14:25:02,,,,,41.79,-87.6,41.78,-87.6,casual,5,5
1C267841866507A9,electric_bike,12/28/2025 1:41:26,12/28/2025 1:45:58,,,,,41.8,-87.6,41.78,-87.6,member,4,1
969A9C00FE887A95,electric_bike,12/4/2025 23:43:21,12/4/2025 23:50:02,,,,,41.79,-87.58,41.78,-87.6,member,6,5
0DF9BAC5A779C702,electric_bike,12/8/2025 18:10:42,12/8/2025 18:15:11,,,,,41.79,-87.6,41.78,-87.6,member,4,2
01C82AF56B441B56,electric_bike,12/4/2025 20:45:55,12/4/2025 20:50:42,,,,,41.79,-87.6,41.78,-87.6,member,4,5
57EB4A3E832BEDEB,electric_bike,12/9/2025 15:59:43,12/9/2025 16:05:50,,,,,41.77,-87.66,41.78,-87.67,member,6,3
DC437E59F63F20A3,electric_bike,12/3/2025 11:02:17,12/3/2025 11:07:21,,,,,41.78,-87.6,41.78,-87.61,member,5,4
53FBC603BB4572A4,electric_bike,12/17/2025 23:15:07,12/17/2025 23:20:28,,,,,41.79,-87.59,41.78,-87.59,member,5,4
79C40C920E3D00A9,electric_bike,12/1/2025 12:34:22,12/1/2025 12:38:32,,,,,41.79,-87.6,41.78,-87.59,member,4,2
C87B78D85E5EACE2,electric_bike,12/5/2025 1:57:31,12/5/2025 2:03:18,,,,,41.78,-87.67,41.78,-87.65,member,5,6
16BB009EEA281405,electric_bike,12/5/2025 22:04:55,12/5/2025 22:08:18,,,,,41.79,-87.6,41.78,-87.6,casual,3,6
E49F1CBC358935F4,electric_bike,12/19/2025 22:36:47,12/19/2025 22:40:33,,,,,41.79,-87.61,41.78,-87.6,member,3,6
05A4EFAB04EDA4F7,electric_bike,12/23/2025 8:01:46,12/23/2025 8:34:13,,,,,41.77,-87.66,41.78,-87.67,member,32,3
3731973742ACC1ED,electric_bike,12/10/2025 13:42:34,12/10/2025 13:46:49,,,,,41.79,-87.6,41.78,-87.59,member,4,4
3A544FF4DCF6F734,electric_bike,12/25/2025 10:17:54,12/25/2025 10:59:51,,,,,41.91,-87.69,41.78,-87.76,member,41,5
C79D570540C67D85,electric_bike,12/9/2025 19:19:36,12/9/2025 19:23:39,,,,,41.78,-87.6,41.78,-87.61,member,4,3
339BA44BAD8A311C,electric_bike,12/9/2025 16:40:43,12/9/2025 16:49:15,,,,,41.79,-87.58,41.78,-87.6,casual,8,3
8F0446E5AD6C5BED,electric_bike,12/6/2025 16:14:52,12/6/2025 16:15:58,,,,,41.78,-87.6,41.78,-87.61,member,1,7
4EB5F4F36E4392AA,electric_bike,12/20/2025 21:20:51,12/20/2025 21:24:38,,,,,41.79,-87.61,41.78,-87.6,member,3,7
7EB9A8747BDFF2CB,electric_bike,12/13/2025 12:41:44,12/13/2025 13:16:37,,,,,41.78,-87.59,41.78,-87.59,member,34,7
D6C8FC6C7C9DB74B,electric_bike,12/3/2025 11:05:18,12/3/2025 11:11:51,,,,,41.79,-87.6,41.78,-87.61,casual,6,4
5C5BF2E5AE83EBD8,electric_bike,12/7/2025 6:46:33,12/7/2025 6:51:38,,,,,41.79,-87.6,41.78,-87.6,casual,5,1
61C17F0E70835067,electric_bike,12/5/2025 18:02:16,12/5/2025 18:05:42,,,,,41.79,-87.6,41.78,-87.6,member,3,6
B24B9AF802BEF39E,electric_bike,12/5/2025 15:32:17,12/5/2025 15:37:21,,,,,41.79,-87.6,41.78,-87.6,member,5,6
70D55B6B2D21AED7,electric_bike,12/2/2025 13:34:11,12/2/2025 13:37:35,,,,,41.79,-87.6,41.78,-87.6,member,3,3
3F19CB61E2B25048,electric_bike,12/4/2025 10:53:21,12/4/2025 11:00:56,,,,,41.8,-87.59,41.78,-87.6,member,7,5
D67F21A5693A6425,electric_bike,12/21/2025 8:21:30,12/21/2025 9:07:44,,,,,41.91,-87.69,41.78,-87.75,member,46,1
00DF69BCFF058906,electric_bike,12/10/2025 16:05:28,12/10/2025 16:09:20,,,MLK Jr Dr & 63rd St,CHI00564,41.77,-87.61,41.78008064,-87.61594286,member,3,4
64CD7AAC6A2CD70E,electric_bike,12/19/2025 8:47:11,12/19/2025 8:48:53,,,Dorchester Ave & 63rd St,CHI00566,41.78,-87.6,41.78040565,-87.59141599,member,1,6
32DCBF46F4381FD8,electric_bike,12/19/2025 9:50:43,12/19/2025 9:53:45,,,Dorchester Ave & 63rd St,CHI00566,41.78,-87.59,41.78040565,-87.59141599,casual,3,6
0D6F0F9C858A64E8,electric_bike,12/26/2025 3:35:24,12/26/2025 3:39:10,,,Stony Island Ave & 63rd St,CHI02031,41.79,-87.59,41.780506,-87.586853,member,3,6
4D66B1988C8E6AA8,electric_bike,12/26/2025 16:47:52,12/26/2025 16:50:10,,,Cottage Grove Ave & 63rd St,CHI00587,41.78,-87.61,41.78053094,-87.6059702,member,2,6
F8A16D74C82F3438,electric_bike,12/30/2025 4:23:37,12/30/2025 4:27:43,,,Cottage Grove Ave & 63rd St,CHI00587,41.78,-87.6,41.78053094,-87.6059702,casual,4,3
B9FAC08327537AF6,electric_bike,12/4/2025 16:51:58,12/4/2025 16:57:41,,,Cottage Grove Ave & 63rd St,CHI00587,41.79,-87.6,41.78053094,-87.6059702,member,5,5
8AABB24F4F211850,electric_bike,12/17/2025 19:02:06,12/17/2025 19:05:24,,,Cottage Grove Ave & 63rd St,CHI00587,41.79,-87.61,41.78053094,-87.6059702,member,3,4
AD590C395D4CCE47,electric_bike,12/28/2025 18:53:45,12/28/2025 18:55:35,,,Cottage Grove Ave & 63rd St,CHI00587,41.78,-87.61,41.78053094,-87.6059702,member,1,1
86E5A975AB774146,electric_bike,12/23/2025 4:25:21,12/23/2025 4:28:32,,,Cottage Grove Ave & 63rd St,CHI00587,41.78,-87.6,41.78053094,-87.6059702,casual,3,3
A896AA26D441009F,electric_bike,12/19/2025 16:53:36,12/19/2025 16:58:26,,,Cottage Grove Ave & 63rd St,CHI00587,41.78,-87.59,41.78053094,-87.6059702,casual,4,6
B1FCDCCE8CB75D16,electric_bike,12/2/2025 10:40:35,12/2/2025 10:45:51,,,Cottage Grove Ave & 63rd St,CHI00587,41.78,-87.59,41.78053094,-87.6059702,casual,5,3
F6BF345688582A8F,electric_bike,12/23/2025 15:50:04,12/23/2025 16:01:14,,,Eberhart Ave & 61st St,CHI00220,41.8,-87.6,41.78407107,-87.61448354,casual,11,3
4F3B36E09A70320B,electric_bike,12/2/2025 17:00:18,12/2/2025 17:05:55,,,Ellis Ave & 60th St,CHI00765,41.79,-87.59,41.78509715,-87.60107276,member,5,3
3E1F929868E81D03,electric_bike,12/5/2025 17:50:41,12/5/2025 17:54:23,,,Ellis Ave & 60th St,CHI00765,41.79,-87.6,41.78509715,-87.60107276,member,3,6
9187670B0317B130,electric_bike,12/5/2025 22:38:22,12/5/2025 22:41:02,,,Ellis Ave & 60th St,CHI00765,41.79,-87.6,41.78509715,-87.60107276,member,2,6
9614188A7020691A,electric_bike,12/10/2025 18:55:21,12/10/2025 18:57:52,,,Ellis Ave & 60th St,CHI00765,41.79,-87.6,41.78509715,-87.60107276,casual,2,4
7533D4179344A2CA,electric_bike,12/10/2025 19:01:29,12/10/2025 19:04:00,,,Ellis Ave & 60th St,CHI00765,41.79,-87.6,41.78509715,-87.60107276,member,2,4
C44373EB17ED887E,electric_bike,12/2/2025 18:28:19,12/2/2025 18:44:55,,,Ellis Ave & 60th St,CHI00765,41.79,-87.6,41.78509715,-87.60107276,member,16,3
A249DECCDCFB111C,electric_bike,12/4/2025 15:01:55,12/4/2025 15:04:08,,,Ellis Ave & 60th St,CHI00765,41.79,-87.6,41.78509715,-87.60107276,casual,2,5
A698C4A6C124BFC5,electric_bike,12/8/2025 22:08:36,12/8/2025 22:11:37,,,Ellis Ave & 60th St,CHI00765,41.79,-87.6,41.78509715,-87.60107276,casual,3,2
59B8AF1E48093D91,electric_bike,12/4/2025 20:56:41,12/4/2025 21:02:00,,,Ellis Ave & 60th St,CHI00765,41.79,-87.6,41.78509715,-87.60107276,member,5,5
8CACBC50D945335C,electric_bike,12/12/2025 12:32:35,12/12/2025 12:37:41,,,Ellis Ave & 60th St,CHI00765,41.8,-87.6,41.78509715,-87.60107276,casual,5,6
A366131D0FF080FD,electric_bike,12/11/2025 15:09:21,12/11/2025 15:12:08,,,Ellis Ave & 60th St,CHI00765,41.79,-87.61,41.78509715,-87.60107276,member,2,5
608503F54A889D08,electric_bike,12/10/2025 11:51:10,12/10/2025 11:53:47,,,Ellis Ave & 60th St,CHI00765,41.79,-87.6,41.78509715,-87.60107276,casual,2,4
27D88CA117A03690,electric_bike,12/11/2025 15:00:01,12/11/2025 15:02:38,,,Ellis Ave & 60th St,CHI00765,41.79,-87.6,41.78509715,-87.60107276,casual,2,5
C7CEC0715C19A59A,electric_bike,12/3/2025 7:54:42,12/3/2025 7:59:16,,,Ellis Ave & 60th St,CHI00765,41.79,-87.6,41.78509715,-87.60107276,member,4,4
E391FE203871D083,electric_bike,12/4/2025 9:27:45,12/4/2025 9:32:51,,,Ellis Ave & 60th St,CHI00765,41.78,-87.59,41.78509715,-87.60107276,member,5,5
3785DAA93559C575,electric_bike,12/11/2025 8:10:53,12/11/2025 8:20:10,,,Ellis Ave & 60th St,CHI00765,41.8,-87.59,41.78509715,-87.60107276,member,9,5
73923AA078DA94D9,electric_bike,12/12/2025 12:24:53,12/12/2025 12:35:55,,,Ellis Ave & 60th St,CHI00765,41.79,-87.61,41.78509715,-87.60107276,casual,11,6
A703631E4B9866E1,electric_bike,12/3/2025 15:15:43,12/3/2025 15:20:26,,,Ellis Ave & 60th St,CHI00765,41.79,-87.6,41.78509715,-87.60107276,member,4,4
18837934A431E235,electric_bike,12/12/2025 11:14:46,12/12/2025 11:18:50,,,Ellis Ave & 60th St,CHI00765,41.79,-87.6,41.78509715,-87.60107276,member,4,6
8487B764D4B96D8A,electric_bike,12/1/2025 23:39:14,12/1/2025 23:44:27,,,Ellis Ave & 60th St,CHI00765,41.79,-87.6,41.78509715,-87.60107276,member,5,2
3356043BF2E241E1,electric_bike,12/2/2025 10:44:35,12/2/2025 10:47:33,,,Ellis Ave & 60th St,CHI00765,41.79,-87.6,41.78509715,-87.60107276,casual,2,3
08612D49CB6E1B00,electric_bike,12/2/2025 17:00:47,12/2/2025 17:04:31,,,Ellis Ave & 60th St,CHI00765,41.79,-87.6,41.78509715,-87.60107276,member,3,3
8CA61B748903B16D,electric_bike,12/12/2025 12:55:48,12/12/2025 13:01:09,,,Ellis Ave & 60th St,CHI00765,41.79,-87.59,41.78509715,-87.60107276,member,5,6
6E131CFD467C733D,electric_bike,12/5/2025 12:37:29,12/5/2025 12:41:21,,,Ellis Ave & 60th St,CHI00765,41.79,-87.6,41.78509715,-87.60107276,member,3,6
24922F47CD4A7B83,electric_bike,12/12/2025 15:40:45,12/12/2025 15:50:23,,,Ellis Ave & 60th St,CHI00765,41.8,-87.59,41.78509715,-87.60107276,member,9,6
DD62BAF7EF48C0E2,electric_bike,12/4/2025 13:35:36,12/4/2025 13:58:20,,,Ellis Ave & 60th St,CHI00765,41.85,-87.62,41.78509715,-87.60107276,member,22,5
FC07D0A43BCEC927,electric_bike,12/31/2025 11:10:12,12/31/2025 11:13:08,,,Ellis Ave & 60th St,CHI00765,41.79,-87.6,41.78509715,-87.60107276,member,2,4
E437E9D70D91B416,electric_bike,12/3/2025 9:01:46,12/3/2025 9:09:40,,,Ellis Ave & 60th St,CHI00765,41.8,-87.59,41.78509715,-87.60107276,member,7,4
252BA0CC6FCCE135,electric_bike,12/13/2025 20:45:19,12/13/2025 20:53:08,,,Ellis Ave & 60th St,CHI00765,41.8,-87.59,41.78509715,-87.60107276,member,7,7
1BB52A921C0E5D36,electric_bike,12/10/2025 17:32:42,12/10/2025 17:37:03,,,Ellis Ave & 60th St,CHI00765,41.79,-87.59,41.78509715,-87.60107276,member,4,4
12FB168E8F1B6656,electric_bike,12/12/2025 8:15:56,12/12/2025 8:20:34,,,Ellis Ave & 60th St,CHI00765,41.79,-87.59,41.78509715,-87.60107276,member,4,6
118969BD5F4AC25B,electric_bike,12/6/2025 18:18:51,12/6/2025 18:21:40,,,Ellis Ave & 60th St,CHI00765,41.79,-87.6,41.78509715,-87.60107276,casual,2,7
9DF85EE15E2AD48A,electric_bike,12/12/2025 12:30:16,12/12/2025 12:42:31,,,Ellis Ave & 60th St,CHI00765,41.79,-87.6,41.78509715,-87.60107276,casual,12,6
63CC73233680AA58,electric_bike,12/4/2025 13:53:07,12/4/2025 13:56:29,,,Ellis Ave & 60th St,CHI00765,41.79,-87.6,41.78509715,-87.60107276,member,3,5
D9716769BAD798BB,electric_bike,12/3/2025 11:05:43,12/3/2025 11:08:43,,,Ellis Ave & 60th St,CHI00765,41.79,-87.6,41.78509715,-87.60107276,member,3,4
DEE216D9F6690D87,electric_bike,12/12/2025 17:32:30,12/12/2025 17:36:25,,,Ellis Ave & 60th St,CHI00765,41.79,-87.59,41.78509715,-87.60107276,member,3,6
47D5FBBE34F7BE43,electric_bike,12/4/2025 13:53:07,12/4/2025 13:55:50,,,Ellis Ave & 60th St,CHI00765,41.79,-87.6,41.78509715,-87.60107276,member,2,5
EB05F75459E89148,electric_bike,12/10/2025 21:22:21,12/10/2025 21:25:11,,,Ellis Ave & 60th St,CHI00765,41.79,-87.6,41.78509715,-87.60107276,member,2,4
E0A847719C75D846,electric_bike,12/17/2025 9:55:43,12/17/2025 10:03:27,,,Ellis Ave & 60th St,CHI00765,41.8,-87.59,41.78509715,-87.60107276,member,7,4
DD88D19B2344B69E,electric_bike,12/1/2025 14:59:00,12/1/2025 15:02:29,,,Ellis Ave & 60th St,CHI00765,41.79,-87.6,41.78509715,-87.60107276,member,3,2
6982B476DEF58400,electric_bike,12/3/2025 11:32:09,12/3/2025 11:34:19,,,Ellis Ave & 60th St,CHI00765,41.79,-87.6,41.78509715,-87.60107276,member,2,4
2D4D52F313BEA8A6,electric_bike,12/2/2025 12:01:20,12/2/2025 12:02:58,,,Ellis Ave & 60th St,CHI00765,41.79,-87.6,41.78509715,-87.60107276,member,1,3
1AC24B34798247DA,electric_bike,12/9/2025 14:50:54,12/9/2025 14:54:35,,,Ellis Ave & 60th St,CHI00765,41.79,-87.6,41.78509715,-87.60107276,casual,3,3
61A85247DF0A4EB8,electric_bike,12/3/2025 22:53:40,12/3/2025 22:56:47,,,Ellis Ave & 60th St,CHI00765,41.79,-87.6,41.78509715,-87.60107276,member,3,4
45A5D5027E161492,electric_bike,12/3/2025 10:20:37,12/3/2025 10:28:47,,,Ellis Ave & 60th St,CHI00765,41.79,-87.58,41.78509715,-87.60107276,member,8,4
DBF5D951F27D478A,electric_bike,12/6/2025 15:29:11,12/6/2025 15:31:49,,,Ellis Ave & 60th St,CHI00765,41.79,-87.6,41.78509715,-87.60107276,member,2,7
2E62850CD27B9CD6,electric_bike,12/7/2025 15:03:08,12/7/2025 15:06:14,,,Ellis Ave & 60th St,CHI00765,41.78,-87.59,41.78509715,-87.60107276,member,3,1
F2280051FB54558F,electric_bike,12/26/2025 15:51:05,12/26/2025 15:56:54,,,Drexel Ave & 60th St,CHI01902,41.8,-87.6,41.785861,-87.604553,member,5,6
7529BA54990D6DA8,electric_bike,12/2/2025 17:53:08,12/2/2025 17:59:00,,,Drexel Ave & 60th St,CHI01902,41.79,-87.6,41.785861,-87.604553,member,5,3
D7C15BF3E190E528,electric_bike,12/2/2025 15:57:36,12/2/2025 16:02:27,,,Drexel Ave & 60th St,CHI01902,41.79,-87.6,41.785861,-87.604553,member,4,3
6CF43E7BA1B1DE88,electric_bike,12/30/2025 11:41:59,12/30/2025 11:47:33,,,Drexel Ave & 60th St,CHI01902,41.8,-87.6,41.785861,-87.604553,member,5,3
E31EEF5B0E52ECFD,electric_bike,12/8/2025 15:54:39,12/8/2025 16:03:17,,,Drexel Ave & 60th St,CHI01902,41.8,-87.6,41.785861,-87.604553,member,8,2
E032AF1FE933CB2B,electric_bike,12/30/2025 15:54:30,12/30/2025 16:00:04,,,Drexel Ave & 60th St,CHI01902,41.8,-87.6,41.785861,-87.604553,member,5,3
1388143AFD1C6D51,electric_bike,12/9/2025 15:55:12,12/9/2025 16:01:37,,,Drexel Ave & 60th St,CHI01902,41.8,-87.6,41.785861,-87.604553,member,6,3
825355238DC2B717,electric_bike,12/10/2025 11:45:51,12/10/2025 11:54:07,,,Drexel Ave & 60th St,CHI01902,41.79,-87.59,41.785861,-87.604553,member,8,4
BAB0B0337ADB79AB,electric_bike,12/19/2025 15:59:37,12/19/2025 16:04:55,,,Drexel Ave & 60th St,CHI01902,41.8,-87.6,41.785861,-87.604553,member,5,6
BB21CE48AAFDDCBE,electric_bike,12/12/2025 16:03:50,12/12/2025 16:07:44,,,Drexel Ave & 60th St,CHI01902,41.79,-87.6,41.785861,-87.604553,member,3,6
C21E960A519A35D0,electric_bike,12/26/2025 4:47:02,12/26/2025 4:51:29,,,Drexel Ave & 60th St,CHI01902,41.8,-87.6,41.785861,-87.604553,member,4,6
925F9234C59F574B,electric_bike,12/31/2025 15:52:46,12/31/2025 15:58:36,,,Drexel Ave & 60th St,CHI01902,41.8,-87.6,41.785861,-87.604553,member,5,4
A410C7966B814A16,electric_bike,12/16/2025 15:48:01,12/16/2025 15:54:56,,,Drexel Ave & 60th St,CHI01902,41.8,-87.6,41.785861,-87.604553,member,6,3
58DAFFB2FC185DBF,electric_bike,12/10/2025 10:17:29,12/10/2025 10:22:08,,,Drexel Ave & 60th St,CHI01902,41.8,-87.6,41.785861,-87.604553,member,4,4
66EDFC844410B3D3,electric_bike,12/12/2025 21:12:16,12/12/2025 21:14:22,,,Drexel Ave & 60th St,CHI01902,41.78,-87.6,41.785861,-87.604553,member,2,6
E0DDA7E7E683FDE7,electric_bike,12/28/2025 15:54:17,12/28/2025 15:59:44,,,Drexel Ave & 60th St,CHI01902,41.8,-87.6,41.785861,-87.604553,member,5,1
CE6E1968C90A22B6,electric_bike,12/11/2025 10:20:25,12/11/2025 10:24:08,,,Drexel Ave & 60th St,CHI01902,41.79,-87.6,41.785861,-87.604553,member,3,5
0D6B0C126B4D2D79,electric_bike,12/11/2025 15:59:52,12/11/2025 16:06:39,,,Drexel Ave & 60th St,CHI01902,41.79,-87.6,41.785861,-87.604553,member,6,5
AC711B5755563DE7,electric_bike,12/2/2025 12:21:51,12/2/2025 12:32:00,,,Drexel Ave & 60th St,CHI01902,41.8,-87.59,41.785861,-87.604553,member,10,3
F852FA81D0111B3C,electric_bike,12/12/2025 10:52:02,12/12/2025 10:54:10,,,Drexel Ave & 60th St,CHI01902,41.78,-87.6,41.785861,-87.604553,member,2,6
2EDB501113C0EE7F,electric_bike,12/12/2025 9:57:08,12/12/2025 10:00:13,,,Drexel Ave & 60th St,CHI01902,41.79,-87.6,41.785861,-87.604553,member,3,6
BB52365CB9487882,electric_bike,12/12/2025 9:35:21,12/12/2025 9:52:41,,,Maplewood Ave & 59th St,CHI00909,41.81,-87.66,41.7863375,-87.6874351,member,17,6
75B74D707E92EC15,electric_bike,12/20/2025 9:47:35,12/20/2025 9:50:50,,,Lawndale Ave & 59th St,CHI01896,41.79,-87.72,41.78638,-87.7157,member,3,7
B8332C0138606A14,electric_bike,12/10/2025 7:43:12,12/10/2025 7:49:02,,,Lawndale Ave & 59th St,CHI01896,41.79,-87.7,41.78638,-87.7157,member,5,4
192958F70B913628,electric_bike,12/18/2025 7:50:37,12/18/2025 7:56:36,,,Midway Orange Line,CHI01901,41.78,-87.73,41.78692,-87.73892,member,5,5
3CBFF1C1A749F5EC,electric_bike,12/21/2025 18:32:29,12/21/2025 18:41:59,,,Midway Orange Line,CHI01901,41.79,-87.75,41.78692,-87.73892,casual,9,1
D2B69EDFDF80A3B9,electric_bike,12/11/2025 18:34:35,12/11/2025 18:42:42,,,Midway Orange Line,CHI01901,41.78,-87.76,41.78692,-87.73892,member,8,5
FABBEDDE19571A6A,electric_bike,12/27/2025 9:30:26,12/27/2025 9:36:08,,,Midway Orange Line,CHI01901,41.78,-87.73,41.78692,-87.73892,member,5,7
AE0FE7898F5CDAF7,electric_bike,12/4/2025 13:02:22,12/4/2025 13:09:19,,,Blackstone Ave & 59th St,CHI01806,41.79,-87.6,41.787877,-87.590461,member,6,5
03F49835E3159A7A,electric_bike,12/4/2025 23:16:37,12/4/2025 23:20:56,,,Blackstone Ave & 59th St,CHI01806,41.79,-87.6,41.787877,-87.590461,member,4,5
25CEADA8CABAB691,electric_bike,12/12/2025 12:40:16,12/12/2025 12:44:13,,,Blackstone Ave & 59th St,CHI01806,41.79,-87.6,41.787877,-87.590461,member,3,6
38345B4524645630,electric_bike,12/26/2025 17:47:04,12/26/2025 17:52:13,,,Blackstone Ave & 59th St,CHI01806,41.79,-87.6,41.787877,-87.590461,member,5,6
85BAC845D72A97E8,electric_bike,12/2/2025 10:03:55,12/2/2025 10:07:09,,,Blackstone Ave & 59th St,CHI01806,41.79,-87.6,41.787877,-87.590461,casual,3,3
BFCDCD1D94BED956,electric_bike,12/13/2025 13:27:30,12/13/2025 13:32:33,,,Blackstone Ave & 59th St,CHI01806,41.8,-87.59,41.787877,-87.590461,member,5,7
B22DFFF0303FB92B,electric_bike,12/23/2025 20:00:03,12/23/2025 20:04:53,,,Blackstone Ave & 59th St,CHI01806,41.79,-87.61,41.787877,-87.590461,member,4,3
2BCF10E8A6052F98,electric_bike,12/21/2025 12:41:54,12/21/2025 12:46:59,,,Blackstone Ave & 59th St,CHI01806,41.79,-87.6,41.787877,-87.590461,member,5,1
08E075A9BB6A009D,electric_bike,12/12/2025 0:52:00,12/12/2025 0:54:31,,,Blackstone Ave & 59th St,CHI01806,41.78,-87.6,41.787877,-87.590461,member,2,6
0319CFA2DEB9B07C,electric_bike,12/8/2025 20:12:27,12/8/2025 20:17:35,,,Blackstone Ave & 59th St,CHI01806,41.79,-87.6,41.787877,-87.590461,casual,5,2
2E722684FF590014,electric_bike,12/11/2025 11:27:12,12/11/2025 11:32:14,,,Blackstone Ave & 59th St,CHI01806,41.79,-87.6,41.787877,-87.590461,casual,5,5
512EC964DEE90E93,electric_bike,12/13/2025 0:27:18,12/13/2025 0:30:49,,,Blackstone Ave & 59th St,CHI01806,41.78,-87.6,41.787877,-87.590461,member,3,7
9824DA79CA3B7DEA,electric_bike,12/1/2025 21:44:35,12/1/2025 21:50:45,,,Blackstone Ave & 59th St,CHI01806,41.79,-87.6,41.787877,-87.590461,member,6,2
79AAB503F900054A,electric_bike,12/2/2025 15:28:29,12/2/2025 15:32:41,,,Blackstone Ave & 59th St,CHI01806,41.79,-87.6,41.787877,-87.590461,member,4,3
BB72DBFCA6C269AC,electric_bike,12/3/2025 23:58:02,12/4/2025 0:03:53,,,Blackstone Ave & 59th St,CHI01806,41.79,-87.6,41.787877,-87.590461,member,5,4
39C4E9FDC28FEFC7,electric_bike,12/11/2025 19:38:14,12/11/2025 19:41:16,,,Blackstone Ave & 59th St,CHI01806,41.78,-87.6,41.787877,-87.590461,member,3,5
F8EF5F34B92B193F,electric_bike,12/17/2025 10:56:42,12/17/2025 11:00:28,,,Blackstone Ave & 59th St,CHI01806,41.79,-87.6,41.787877,-87.590461,member,3,4
466F089515FDBB8B,electric_bike,12/6/2025 14:04:51,12/6/2025 14:07:30,,,Blackstone Ave & 59th St,CHI01806,41.79,-87.6,41.787877,-87.590461,member,2,7
8BCC176B66999CE6,electric_bike,12/30/2025 17:01:30,12/30/2025 17:06:48,,,Blackstone Ave & 59th St,CHI01806,41.79,-87.6,41.787877,-87.590461,member,5,3
D1BCE0FFA3BB3A71,electric_bike,12/27/2025 19:53:59,12/27/2025 19:59:57,,,Blackstone Ave & 59th St,CHI01806,41.79,-87.6,41.787877,-87.590461,member,5,7
76752030EB92E21B,electric_bike,12/20/2025 17:16:08,12/20/2025 17:21:03,,,Blackstone Ave & 59th St,CHI01806,41.79,-87.61,41.787877,-87.590461,member,4,7
EBC3B84FB2D08FCE,electric_bike,12/5/2025 10:32:11,12/5/2025 10:34:59,,,Blackstone Ave & 59th St,CHI01806,41.79,-87.6,41.787877,-87.590461,member,2,6
AFDEEEA4F0989B5C,electric_bike,12/16/2025 12:12:38,12/16/2025 12:19:32,,,Blackstone Ave & 59th St,CHI01806,41.8,-87.6,41.787877,-87.590461,casual,6,3
FDCCFE57B266D3A9,electric_bike,12/8/2025 10:29:59,12/8/2025 10:36:27,,,Blackstone Ave & 59th St,CHI01806,41.8,-87.59,41.787877,-87.590461,member,6,2
27BDC833BF4F3BDA,electric_bike,12/5/2025 10:49:07,12/5/2025 10:55:21,,,Blackstone Ave & 59th St,CHI01806,41.79,-87.6,41.787877,-87.590461,member,6,6
A63DB10BF2B76966,electric_bike,12/12/2025 13:10:20,12/12/2025 13:14:47,,,Blackstone Ave & 59th St,CHI01806,41.79,-87.6,41.787877,-87.590461,member,4,6
0E946E4AC430F65B,electric_bike,12/17/2025 15:17:02,12/17/2025 15:23:58,,,Blackstone Ave & 59th St,CHI01806,41.79,-87.61,41.787877,-87.590461,member,6,4
A01B10FD092C1818,electric_bike,12/4/2025 16:54:25,12/4/2025 16:56:57,,,Blackstone Ave & 59th St,CHI01806,41.79,-87.6,41.787877,-87.590461,member,2,5
31FF2AFB3798583B,electric_bike,12/18/2025 15:44:38,12/18/2025 15:46:57,,,Blackstone Ave & 59th St,CHI01806,41.78,-87.59,41.787877,-87.590461,member,2,5
0151D12C5A82E1D3,electric_bike,12/4/2025 14:17:16,12/4/2025 14:19:10,,,Blackstone Ave & 59th St,CHI01806,41.79,-87.6,41.787877,-87.590461,member,1,5
1A20E3AF5B604B01,electric_bike,12/8/2025 21:25:06,12/8/2025 21:27:44,,,Blackstone Ave & 59th St,CHI01806,41.78,-87.6,41.787877,-87.590461,member,2,2
DBDDF9783AFBD33B,electric_bike,12/11/2025 23:41:15,12/11/2025 23:46:18,,,Blackstone Ave & 59th St,CHI01806,41.79,-87.58,41.787877,-87.590461,casual,5,5
8A119C64C4E9F698,electric_bike,12/6/2025 19:45:47,12/6/2025 19:49:46,,,Blackstone Ave & 59th St,CHI01806,41.79,-87.6,41.787877,-87.590461,member,3,7
59FB704868523E04,electric_bike,12/3/2025 14:31:35,12/3/2025 14:36:54,,,Blackstone Ave & 59th St,CHI01806,41.79,-87.6,41.787877,-87.590461,member,5,4
AEDCD2D630270315,electric_bike,12/6/2025 17:45:41,12/6/2025 17:54:10,,,Blackstone Ave & 59th St,CHI01806,41.79,-87.6,41.787877,-87.590461,casual,8,7
A558C55062D06796,electric_bike,12/12/2025 10:42:55,12/12/2025 10:47:02,,,Blackstone Ave & 59th St,CHI01806,41.79,-87.61,41.787877,-87.590461,member,4,6
97BBC3D994610734,electric_bike,12/10/2025 16:04:09,12/10/2025 16:12:09,,,Blackstone Ave & 59th St,CHI01806,41.79,-87.6,41.787877,-87.590461,member,8,4
4FD4EF781741F1C5,electric_bike,12/4/2025 15:30:38,12/4/2025 15:35:27,,,Blackstone Ave & 59th St,CHI01806,41.79,-87.6,41.787877,-87.590461,member,4,5
0AB42AA798A34FC2,electric_bike,12/12/2025 21:08:32,12/12/2025 21:11:43,,,Blackstone Ave & 59th St,CHI01806,41.79,-87.6,41.787877,-87.590461,member,3,6
AB2CE31D539033A0,electric_bike,12/3/2025 23:13:19,12/3/2025 23:19:12,,,Blackstone Ave & 59th St,CHI01806,41.79,-87.58,41.787877,-87.590461,casual,5,4
619D9C48ED3BBEA3,electric_bike,12/29/2025 20:05:40,12/29/2025 20:11:10,,,Blackstone Ave & 59th St,CHI01806,41.79,-87.6,41.787877,-87.590461,member,5,2
73D6C834B93DCD99,electric_bike,12/13/2025 16:15:45,12/13/2025 16:17:29,,,Blackstone Ave & 59th St,CHI01806,41.79,-87.59,41.787877,-87.590461,member,1,7
D7A4B07D4A1AABC0,electric_bike,12/17/2025 17:44:25,12/17/2025 17:48:23,,,Blackstone Ave & 59th St,CHI01806,41.79,-87.6,41.787877,-87.590461,member,3,4
FF97635D7BBBEAFD,electric_bike,12/4/2025 16:45:23,12/4/2025 16:51:59,,,Blackstone Ave & 59th St,CHI01806,41.79,-87.6,41.787877,-87.590461,member,6,5
3164DAD095A6EEEF,electric_bike,12/26/2025 9:44:51,12/26/2025 9:51:20,,,Blackstone Ave & 59th St,CHI01806,41.79,-87.61,41.787877,-87.590461,member,6,6
7364EFF8DB2DE485,electric_bike,12/24/2025 17:33:16,12/24/2025 17:37:43,,,Blackstone Ave & 59th St,CHI01806,41.79,-87.6,41.787877,-87.590461,member,4,4
50037A464750A9DF,electric_bike,12/11/2025 9:37:12,12/11/2025 9:40:10,,,Blackstone Ave & 59th St,CHI01806,41.79,-87.6,41.787877,-87.590461,member,2,5
90CA4E599259B02B,electric_bike,12/1/2025 19:34:27,12/1/2025 19:39:37,,,Blackstone Ave & 59th St,CHI01806,41.79,-87.6,41.787877,-87.590461,member,5,2
80F84515D807F764,electric_bike,12/7/2025 10:25:28,12/7/2025 10:30:12,,,Blackstone Ave & 59th St,CHI01806,41.78,-87.6,41.787877,-87.590461,member,4,1
B9BDDBD8B560C576,electric_bike,12/5/2025 0:36:58,12/5/2025 0:40:30,,,Blackstone Ave & 59th St,CHI01806,41.79,-87.6,41.787877,-87.590461,member,3,6
634AF2B9442C2D22,electric_bike,12/7/2025 12:49:04,12/7/2025 12:52:24,,,Blackstone Ave & 59th St,CHI01806,41.79,-87.6,41.787877,-87.590461,member,3,1
709B5B44DEA15092,electric_bike,12/1/2025 18:18:10,12/1/2025 18:21:01,,,Blackstone Ave & 59th St,CHI01806,41.79,-87.6,41.787877,-87.590461,member,2,2
E48D620E39209B9E,electric_bike,12/12/2025 12:27:13,12/12/2025 12:29:31,,,University Ave & 59th St,CHI01913,41.78,-87.59,41.787878,-87.598906,member,2,6
88627670F1E992CD,electric_bike,12/2/2025 13:59:12,12/2/2025 14:08:18,,,University Ave & 59th St,CHI01913,41.8,-87.59,41.787878,-87.598906,member,9,3
AE76E18F392A9B35,electric_bike,12/5/2025 11:26:09,12/5/2025 11:29:40,,,University Ave & 59th St,CHI01913,41.79,-87.59,41.787878,-87.598906,member,3,6
22B424CA48B34998,electric_bike,12/2/2025 14:01:14,12/2/2025 14:04:47,,,University Ave & 59th St,CHI01913,41.79,-87.6,41.787878,-87.598906,member,3,3
227EB27573E8BE52,electric_bike,12/10/2025 12:08:02,12/10/2025 12:13:26,,,University Ave & 59th St,CHI01913,41.8,-87.6,41.787878,-87.598906,member,5,4
F418B2F3BF05C3D3,electric_bike,12/6/2025 15:10:52,12/6/2025 15:13:32,,,University Ave & 59th St,CHI01913,41.79,-87.59,41.787878,-87.598906,casual,2,7
9F6976CABEC21F82,electric_bike,12/9/2025 18:55:47,12/9/2025 18:58:11,,,University Ave & 59th St,CHI01913,41.78,-87.6,41.787878,-87.598906,member,2,3
17B0CCA49883A2AB,electric_bike,12/3/2025 20:57:32,12/3/2025 20:59:40,,,University Ave & 59th St,CHI01913,41.79,-87.6,41.787878,-87.598906,member,2,4
5E2B926F739005C6,electric_bike,12/1/2025 9:58:55,12/1/2025 10:07:04,,,University Ave & 59th St,CHI01913,41.8,-87.59,41.787878,-87.598906,member,8,2
DDBFC7192D49B7DA,electric_bike,12/2/2025 9:22:12,12/2/2025 9:27:42,,,University Ave & 59th St,CHI01913,41.79,-87.59,41.787878,-87.598906,member,5,3
902B35AADADAF58A,electric_bike,12/3/2025 21:28:41,12/3/2025 21:31:24,,,University Ave & 59th St,CHI01913,41.79,-87.6,41.787878,-87.598906,member,2,4
63D42FCA9DE16D22,electric_bike,12/8/2025 17:29:03,12/8/2025 17:31:41,,,University Ave & 59th St,CHI01913,41.79,-87.6,41.787878,-87.598906,member,2,2
71D6C985FDE153CF,electric_bike,12/11/2025 17:10:54,12/11/2025 17:13:34,,,University Ave & 59th St,CHI01913,41.79,-87.6,41.787878,-87.598906,member,2,5
B5624E291B0023A1,electric_bike,12/12/2025 13:36:30,12/12/2025 13:42:14,,,University Ave & 59th St,CHI01913,41.8,-87.6,41.787878,-87.598906,member,5,6
E228DA8DB023770C,electric_bike,12/6/2025 12:52:18,12/6/2025 12:54:59,,,University Ave & 59th St,CHI01913,41.78,-87.59,41.787878,-87.598906,member,2,7
EBABF6E67BB821C5,electric_bike,12/2/2025 8:27:35,12/2/2025 8:38:21,,,University Ave & 59th St,CHI01913,41.77,-87.61,41.787878,-87.598906,member,10,3
E1DC4BC718F2609A,electric_bike,12/15/2025 23:34:18,12/15/2025 23:40:15,,,Harper Ave & 59th St,CHI00584,41.79,-87.61,41.78794281,-87.58831517,casual,5,2
3BEE56CEEF3DADD3,electric_bike,12/7/2025 23:26:41,12/7/2025 23:32:42,,,Harper Ave & 59th St,CHI00584,41.79,-87.6,41.78794281,-87.58831517,casual,6,1
D5A824D34A8474D1,electric_bike,12/18/2025 8:21:06,12/18/2025 8:28:22,,,Harper Ave & 59th St,CHI00584,41.8,-87.6,41.78794281,-87.58831517,member,7,5
9561AE942200151B,electric_bike,12/10/2025 12:43:42,12/10/2025 12:47:57,,,Harper Ave & 59th St,CHI00584,41.79,-87.6,41.78794281,-87.58831517,member,4,4
145D8601EB5733B8,electric_bike,12/3/2025 16:49:53,12/3/2025 16:53:24,,,Harper Ave & 59th St,CHI00584,41.79,-87.6,41.78794281,-87.58831517,member,3,4
FDC2D6BA49C78E71,electric_bike,12/4/2025 22:28:04,12/4/2025 22:32:17,,,Harper Ave & 59th St,CHI00584,41.79,-87.6,41.78794281,-87.58831517,member,4,5
742304CA675025E9,electric_bike,12/6/2025 23:10:43,12/6/2025 23:16:09,,,Harper Ave & 59th St,CHI00584,41.79,-87.6,41.78794281,-87.58831517,casual,5,7
E05573DB743D7C18,electric_bike,12/18/2025 0:41:44,12/18/2025 0:45:57,,,Harper Ave & 59th St,CHI00584,41.79,-87.6,41.78794281,-87.58831517,casual,4,5
87C32716A73C12E4,electric_bike,12/6/2025 12:52:35,12/6/2025 12:56:11,,,Harper Ave & 59th St,CHI00584,41.78,-87.6,41.78794281,-87.58831517,member,3,7
39843229AB62B1E1,electric_bike,12/11/2025 13:06:04,12/11/2025 13:08:39,,,Harper Ave & 59th St,CHI00584,41.79,-87.59,41.78794281,-87.58831517,member,2,5
E149DD2AD7410F21,electric_bike,12/10/2025 19:25:50,12/10/2025 19:31:47,,,Harper Ave & 59th St,CHI00584,41.79,-87.6,41.78794281,-87.58831517,casual,5,4
BFEEE86B4635F0E7,electric_bike,12/17/2025 19:29:11,12/17/2025 19:34:24,,,Harper Ave & 59th St,CHI00584,41.79,-87.6,41.78794281,-87.58831517,casual,5,4
BD9698B828BEC197,electric_bike,12/3/2025 7:06:47,12/3/2025 7:16:25,,,Harper Ave & 59th St,CHI00584,41.79,-87.6,41.78794281,-87.58831517,member,9,4
CE51737EE841C744,electric_bike,12/11/2025 16:34:58,12/11/2025 16:38:16,,,Harper Ave & 59th St,CHI00584,41.79,-87.6,41.78794281,-87.58831517,member,3,5
9D94CADE1042CC12,electric_bike,12/18/2025 23:57:52,12/19/2025 0:02:36,,,Harper Ave & 59th St,CHI00584,41.79,-87.6,41.78794281,-87.58831517,casual,4,5
335D20D003859E99,electric_bike,12/8/2025 7:07:52,12/8/2025 7:11:51,,,Harper Ave & 59th St,CHI00584,41.78,-87.6,41.78794281,-87.58831517,member,3,2
9D563BEF328F63EE,electric_bike,12/4/2025 23:49:32,12/4/2025 23:54:55,,,Harper Ave & 59th St,CHI00584,41.79,-87.6,41.78794281,-87.58831517,casual,5,5
D542A4D57BE1AC6A,electric_bike,12/4/2025 7:06:09,12/4/2025 7:08:50,,,Harper Ave & 59th St,CHI00584,41.79,-87.6,41.78794281,-87.58831517,member,2,5
90F1FBF82E6651D7,electric_bike,12/9/2025 19:27:36,12/9/2025 19:32:55,,,Harper Ave & 59th St,CHI00584,41.79,-87.61,41.78794281,-87.58831517,casual,5,3
E3EC01133C0A8E4C,electric_bike,12/5/2025 7:06:12,12/5/2025 7:10:02,,,Harper Ave & 59th St,CHI00584,41.78,-87.6,41.78794281,-87.58831517,member,3,6
32D79D2A0CC78FC2,electric_bike,12/11/2025 7:05:41,12/11/2025 7:08:55,,,Harper Ave & 59th St,CHI00584,41.78,-87.6,41.78794281,-87.58831517,member,3,5
44115C683143A6D9,electric_bike,12/15/2025 19:26:56,12/15/2025 19:32:35,,,Harper Ave & 59th St,CHI00584,41.79,-87.61,41.78794281,-87.58831517,casual,5,2
DF60442600BEBBF7,electric_bike,12/5/2025 12:02:33,12/5/2025 12:05:13,,,Harper Ave & 59th St,CHI00584,41.78,-87.59,41.78794281,-87.58831517,member,2,6
0C2B6C457A577BA6,electric_bike,12/1/2025 19:29:44,12/1/2025 19:36:07,,,Harper Ave & 59th St,CHI00584,41.79,-87.6,41.78794281,-87.58831517,casual,6,2
66E7B584579BDBA5,electric_bike,12/5/2025 16:02:02,12/5/2025 16:05:16,,,Harper Ave & 59th St,CHI00584,41.78,-87.6,41.78794281,-87.58831517,member,3,6
B9C04836268CB276,electric_bike,12/10/2025 17:23:27,12/10/2025 17:32:56,,,Ellis Ave & 58th St,CHI00460,41.79,-87.6,41.788746,-87.601334,member,9,4
35031A79B7D339E9,electric_bike,12/24/2025 9:59:46,12/24/2025 10:16:01,,,Ellis Ave & 58th St,CHI00460,41.8,-87.59,41.788746,-87.601334,member,16,4
75B1E15CF6BFD79C,electric_bike,12/30/2025 16:20:47,12/30/2025 16:28:18,,,Ellis Ave & 58th St,CHI00460,41.78,-87.6,41.788746,-87.601334,member,7,3
EAF6D28CBB85E41E,electric_bike,12/19/2025 11:16:01,12/19/2025 11:25:36,,,Ellis Ave & 58th St,CHI00460,41.78,-87.6,41.788746,-87.601334,member,9,6
16289DAC1965C768,electric_bike,12/2/2025 9:56:59,12/2/2025 10:01:42,,,Ellis Ave & 58th St,CHI00460,41.8,-87.6,41.788746,-87.601334,member,4,3
E32AB2C22ED2F9F6,electric_bike,12/30/2025 12:44:44,12/30/2025 13:00:26,,,Ellis Ave & 58th St,CHI00460,41.8,-87.59,41.788746,-87.601334,casual,15,3
E9492AAECBEA4FD7,electric_bike,12/24/2025 14:37:12,12/24/2025 14:44:08,,,Ellis Ave & 58th St,CHI00460,41.79,-87.58,41.788746,-87.601334,casual,6,4
4B1DE8C2398142A1,electric_bike,12/9/2025 14:41:59,12/9/2025 14:48:05,,,Ellis Ave & 58th St,CHI00460,41.8,-87.6,41.788746,-87.601334,member,6,3
4FA26D4941015DFF,electric_bike,12/10/2025 14:12:52,12/10/2025 14:18:30,,,Ellis Ave & 58th St,CHI00460,41.78,-87.59,41.788746,-87.601334,member,5,4
EF37C1FAC4990FCD,electric_bike,12/22/2025 7:44:17,12/22/2025 7:52:30,,,Ellis Ave & 58th St,CHI00460,41.8,-87.6,41.788746,-87.601334,member,8,2
FB0DF5DBAB0E6577,electric_bike,12/6/2025 8:39:26,12/6/2025 8:43:10,,,Ellis Ave & 58th St,CHI00460,41.78,-87.6,41.788746,-87.601334,member,3,7
31790E7D978231A3,electric_bike,12/3/2025 15:07:35,12/3/2025 15:12:08,,,Ellis Ave & 58th St,CHI00460,41.78,-87.6,41.788746,-87.601334,casual,4,4
3852CD5F7E0D3800,electric_bike,12/10/2025 8:13:48,12/10/2025 8:20:50,,,Ellis Ave & 58th St,CHI00460,41.79,-87.59,41.788746,-87.601334,member,7,4
ED5D58208D432B74,electric_bike,12/12/2025 9:43:13,12/12/2025 9:50:42,,,Ellis Ave & 58th St,CHI00460,41.8,-87.6,41.788746,-87.601334,member,7,6
8EAEC59CADAE942B,electric_bike,12/3/2025 15:52:22,12/3/2025 15:54:22,,,Ellis Ave & 58th St,CHI00460,41.79,-87.6,41.788746,-87.601334,member,2,4
84E9C3D920DE3A30,electric_bike,12/5/2025 19:07:00,12/5/2025 19:11:25,,,Ellis Ave & 58th St,CHI00460,41.79,-87.59,41.788746,-87.601334,member,4,6
0F1F2B6607148D53,electric_bike,12/28/2025 6:43:30,12/28/2025 6:49:46,,,Ellis Ave & 58th St,CHI00460,41.79,-87.59,41.788746,-87.601334,member,6,1
246419C3CA1E8EDA,electric_bike,12/17/2025 9:50:29,12/17/2025 9:57:01,,,Ellis Ave & 58th St,CHI00460,41.8,-87.59,41.788746,-87.601334,member,6,4
DC4E0D55AD56A33D,electric_bike,12/10/2025 8:57:21,12/10/2025 8:59:27,,,Ellis Ave & 58th St,CHI00460,41.79,-87.6,41.788746,-87.601334,casual,2,4
7CEF0BB598ED19C4,electric_bike,12/23/2025 14:28:30,12/23/2025 14:37:39,,,Ellis Ave & 58th St,CHI00460,41.79,-87.58,41.788746,-87.601334,casual,9,3
C1A7185653A0A15D,electric_bike,12/9/2025 8:37:55,12/9/2025 8:40:51,,,Ellis Ave & 58th St,CHI00460,41.79,-87.6,41.788746,-87.601334,member,2,3
F740E9CC5F231230,electric_bike,12/4/2025 11:03:12,12/4/2025 11:08:42,,,Ellis Ave & 58th St,CHI00460,41.79,-87.59,41.788746,-87.601334,member,5,5
FF3180F5BA6A0077,electric_bike,12/8/2025 9:40:36,12/8/2025 9:44:21,,,Ellis Ave & 58th St,CHI00460,41.78,-87.59,41.788746,-87.601334,member,3,2
30B4FB065767EA3F,electric_bike,12/7/2025 12:47:06,12/7/2025 12:53:04,,,Ellis Ave & 58th St,CHI00460,41.79,-87.6,41.788746,-87.601334,member,5,1
96FC474C0F86A617,electric_bike,12/2/2025 11:03:52,12/2/2025 11:05:43,,,Ellis Ave & 58th St,CHI00460,41.79,-87.6,41.788746,-87.601334,member,1,3
0F61724B7B5E2F72,electric_bike,12/5/2025 10:25:13,12/5/2025 10:31:13,,,Ellis Ave & 58th St,CHI00460,41.8,-87.6,41.788746,-87.601334,member,5,6
46A50C0B9D7FC8BA,electric_bike,12/2/2025 11:38:22,12/2/2025 11:47:43,,,Ellis Ave & 58th St,CHI00460,41.8,-87.59,41.788746,-87.601334,member,9,3
3EA56B34E4567A67,electric_bike,12/29/2025 7:49:48,12/29/2025 7:55:22,,,Ellis Ave & 58th St,CHI00460,41.79,-87.59,41.788746,-87.601334,member,5,2
715F6F5725192C82,electric_bike,12/19/2025 9:17:17,12/19/2025 9:22:15,,,Ellis Ave & 58th St,CHI00460,41.79,-87.59,41.788746,-87.601334,member,4,6
EF665374FFB36F8A,electric_bike,12/1/2025 15:02:08,12/1/2025 15:05:02,,,Ellis Ave & 58th St,CHI00460,41.79,-87.59,41.788746,-87.601334,member,2,2
AD1449D56C575A1D,electric_bike,12/4/2025 10:12:02,12/4/2025 10:15:46,,,Ellis Ave & 58th St,CHI00460,41.8,-87.6,41.788746,-87.601334,member,3,5
E9BAAB094FB3D61D,electric_bike,12/9/2025 9:32:47,12/9/2025 9:36:19,,,Ellis Ave & 58th St,CHI00460,41.78,-87.6,41.788746,-87.601334,member,3,3
A16FC4970E558A7E,electric_bike,12/5/2025 11:57:30,12/5/2025 12:00:02,,,Ellis Ave & 58th St,CHI00460,41.79,-87.6,41.788746,-87.601334,member,2,6
42478BF7966A898E,electric_bike,12/3/2025 10:04:53,12/3/2025 10:10:09,,,Ellis Ave & 58th St,CHI00460,41.8,-87.6,41.788746,-87.601334,member,5,4
B2DD789AF9D87347,electric_bike,12/31/2025 7:49:39,12/31/2025 7:54:54,,,Ellis Ave & 58th St,CHI00460,41.79,-87.59,41.788746,-87.601334,member,5,4
9DECDC4DD826CE8F,electric_bike,12/10/2025 13:51:24,12/10/2025 13:53:36,,,Ellis Ave & 58th St,CHI00460,41.79,-87.6,41.788746,-87.601334,casual,2,4
D1F112011CD534C6,electric_bike,12/14/2025 13:57:02,12/14/2025 13:59:47,,,Ellis Ave & 58th St,CHI00460,41.78,-87.6,41.788746,-87.601334,member,2,1
684ABC4DC85FB231,electric_bike,12/23/2025 11:45:48,12/23/2025 12:18:57,,,Woodlawn Ave & 58th St,CHI01996,41.81,-87.62,41.789381,-87.596479,member,33,3
BB661E54D967D49D,electric_bike,12/11/2025 7:54:28,12/11/2025 8:01:10,,,Woodlawn Ave & 58th St,CHI01996,41.8,-87.59,41.789381,-87.596479,member,6,5
CC502FC965433D6D,electric_bike,12/23/2025 11:45:53,12/23/2025 12:18:49,,,Woodlawn Ave & 58th St,CHI01996,41.81,-87.62,41.789381,-87.596479,member,32,3
C4A217273082A807,electric_bike,12/17/2025 18:33:23,12/17/2025 18:40:08,,,Woodlawn Ave & 58th St,CHI01996,41.8,-87.59,41.789381,-87.596479,casual,6,4
4F613C08279AB242,electric_bike,12/2/2025 12:58:04,12/2/2025 13:01:51,,,Woodlawn Ave & 58th St,CHI01996,41.79,-87.6,41.789381,-87.596479,member,3,3
3882F95E5401DB41,electric_bike,12/5/2025 13:22:14,12/5/2025 13:25:04,,,Woodlawn Ave & 58th St,CHI01996,41.79,-87.6,41.789381,-87.596479,casual,2,6
B216D8A506C46CD9,electric_bike,12/6/2025 5:49:00,12/6/2025 5:51:43,,,Woodlawn Ave & 58th St,CHI01996,41.78,-87.6,41.789381,-87.596479,casual,2,7
AE28E2B97F60DDD4,electric_bike,12/20/2025 13:20:18,12/20/2025 13:25:32,,,Woodlawn Ave & 58th St,CHI01996,41.8,-87.6,41.789381,-87.596479,member,5,7
6999971EC8A456D2,electric_bike,12/11/2025 8:43:55,12/11/2025 8:50:03,,,Woodlawn Ave & 58th St,CHI01996,41.8,-87.6,41.789381,-87.596479,member,6,5
F5F993FCD8D08976,electric_bike,12/3/2025 12:03:19,12/3/2025 12:12:43,,,Woodlawn Ave & 58th St,CHI01996,41.8,-87.59,41.789381,-87.596479,member,9,4
76B7D603214E74F3,electric_bike,12/4/2025 8:11:09,12/4/2025 8:16:41,,,Woodlawn Ave & 58th St,CHI01996,41.8,-87.59,41.789381,-87.596479,member,5,5
37F3922A9DD38F14,electric_bike,12/5/2025 17:04:24,12/5/2025 17:14:24,,,Woodlawn Ave & 58th St,CHI01996,41.8,-87.58,41.789381,-87.596479,member,10,6
8B65204F9DC57312,electric_bike,12/16/2025 8:53:43,12/16/2025 8:59:21,,,Woodlawn Ave & 58th St,CHI01996,41.8,-87.6,41.789381,-87.596479,member,5,3
4F34EA45AFACC010,electric_bike,12/19/2025 12:44:43,12/19/2025 12:48:05,,,Woodlawn Ave & 58th St,CHI01996,41.79,-87.59,41.789381,-87.596479,casual,3,6
72602429A69B706F,electric_bike,12/16/2025 9:53:54,12/16/2025 9:58:30,,,Woodlawn Ave & 58th St,CHI01996,41.79,-87.6,41.789381,-87.596479,member,4,3
AB54459F3A58E670,electric_bike,12/12/2025 7:08:03,12/12/2025 7:11:38,,,Woodlawn Ave & 58th St,CHI01996,41.79,-87.59,41.789381,-87.596479,casual,3,6
C2ED9D3246AB3033,electric_bike,12/8/2025 9:08:24,12/8/2025 9:15:35,,,Woodlawn Ave & 58th St,CHI01996,41.8,-87.59,41.789381,-87.596479,member,7,2
9BDC217D24F8EB3D,electric_bike,12/28/2025 17:05:02,12/28/2025 17:08:45,,,Woodlawn Ave & 58th St,CHI01996,41.79,-87.59,41.789381,-87.596479,member,3,1
DD79E64D4911B063,electric_bike,12/3/2025 7:43:28,12/3/2025 7:53:38,,,Woodlawn Ave & 58th St,CHI01996,41.8,-87.58,41.789381,-87.596479,member,10,4
2C0A8403980CDC01,electric_bike,12/12/2025 16:00:24,12/12/2025 16:04:54,,,Woodlawn Ave & 58th St,CHI01996,41.79,-87.59,41.789381,-87.596479,member,4,6
AF55FD73351D78BB,electric_bike,12/9/2025 12:18:46,12/9/2025 12:27:21,,,Woodlawn Ave & 58th St,CHI01996,41.8,-87.59,41.789381,-87.596479,member,8,3
707ACF2D59617A53,electric_bike,12/5/2025 8:31:05,12/5/2025 8:37:23,,,Woodlawn Ave & 58th St,CHI01996,41.8,-87.6,41.789381,-87.596479,member,6,6
273E092E536A578E,electric_bike,12/10/2025 18:51:43,12/10/2025 18:54:08,,,Woodlawn Ave & 58th St,CHI01996,41.78,-87.6,41.789381,-87.596479,member,2,4
3B8A2FFC48D6AB97,electric_bike,12/27/2025 12:55:15,12/27/2025 13:01:12,,,Woodlawn Ave & 58th St,CHI01996,41.79,-87.59,41.789381,-87.596479,member,5,7
F3BAF61D3C3B18D0,electric_bike,12/11/2025 19:48:05,12/11/2025 19:50:56,,,Woodlawn Ave & 58th St,CHI01996,41.79,-87.6,41.789381,-87.596479,casual,2,5
D0FD9F7BE6D4AFF1,electric_bike,12/4/2025 16:52:27,12/4/2025 16:55:13,,,Woodlawn Ave & 58th St,CHI01996,41.79,-87.6,41.789381,-87.596479,member,2,5
28EE4CDB7A430041,electric_bike,12/4/2025 15:41:51,12/4/2025 15:44:33,,,Woodlawn Ave & 58th St,CHI01996,41.79,-87.6,41.789381,-87.596479,casual,2,5
98C08AC07EA096CF,electric_bike,12/4/2025 8:58:07,12/4/2025 9:01:18,,,Woodlawn Ave & 58th St,CHI01996,41.79,-87.6,41.789381,-87.596479,casual,3,5
78C14C8CD3CB1B07,electric_bike,12/1/2025 14:33:22,12/1/2025 14:56:33,,,Woodlawn Ave & 58th St,CHI01996,41.84,-87.61,41.789381,-87.596479,member,23,2
6378D2CA1B54EEF8,electric_bike,12/10/2025 12:13:41,12/10/2025 12:17:02,,,Woodlawn Ave & 58th St,CHI01996,41.79,-87.6,41.789381,-87.596479,member,3,4
88A4B431B3DE488A,electric_bike,12/12/2025 15:20:43,12/12/2025 15:28:13,,,Woodlawn Ave & 58th St,CHI01996,41.8,-87.6,41.789381,-87.596479,casual,7,6
896C20ADA3DE45F8,electric_bike,12/3/2025 8:27:46,12/3/2025 8:32:35,,,Ellis Ave & 58th St,CHI00460,41.8,-87.6,41.78982699,-87.60128748,member,4,4
BF871AB8556D658E,electric_bike,12/5/2025 11:28:29,12/5/2025 11:30:27,,,,,41.79,-87.6,41.79,-87.6,member,1,6
16CC4A98DE9CB2C3,electric_bike,12/22/2025 8:52:47,12/22/2025 9:12:52,,,,,41.8,-87.6,41.79,-87.6,member,20,2
D55D26F33A15EC1B,electric_bike,12/9/2025 7:20:46,12/9/2025 7:26:42,,,,,41.8,-87.6,41.79,-87.6,member,5,3
4297D491BFDF5616,electric_bike,12/6/2025 8:54:41,12/6/2025 8:58:45,,,,,41.8,-87.6,41.79,-87.6,member,4,7
1696F1B84BAFA217,electric_bike,12/10/2025 8:44:04,12/10/2025 8:50:59,,,,,41.8,-87.59,41.79,-87.59,casual,6,4
C20D6849277983BC,electric_bike,12/1/2025 14:28:08,12/1/2025 14:45:23,,,,,41.79,-87.6,41.79,-87.6,member,17,2
D69E26D72A6A73F1,electric_bike,12/2/2025 11:02:36,12/2/2025 11:06:08,,,,,41.79,-87.6,41.79,-87.6,member,3,3
FB045DD7725D283D,electric_bike,12/2/2025 13:55:44,12/2/2025 13:59:13,,,,,41.79,-87.6,41.79,-87.6,member,3,3
246E186F024C8631,electric_bike,12/20/2025 10:12:35,12/20/2025 10:18:02,,,,,41.79,-87.59,41.79,-87.6,member,5,7
A71EED02170DC03E,electric_bike,12/12/2025 16:48:12,12/12/2025 16:57:20,,,,,41.79,-87.6,41.79,-87.6,member,9,6
A9078C9CCCF54C5B,electric_bike,12/9/2025 15:08:49,12/9/2025 15:17:02,,,,,41.79,-87.6,41.79,-87.6,casual,8,3
1CDC0E304CC472CA,electric_bike,12/4/2025 14:21:20,12/4/2025 14:27:56,,,,,41.8,-87.6,41.79,-87.6,member,6,5
D021EBF9BE62ED97,electric_bike,12/3/2025 9:21:06,12/3/2025 9:27:53,,,,,41.79,-87.59,41.79,-87.6,member,6,4
997EE124DABCBDF5,electric_bike,12/18/2025 7:56:17,12/18/2025 8:01:44,,,,,41.79,-87.58,41.79,-87.6,member,5,5
701EF0BF3C24476E,electric_bike,12/5/2025 14:52:58,12/5/2025 14:54:58,,,,,41.79,-87.6,41.79,-87.6,member,2,6
4BA290E39BACBCF7,electric_bike,12/17/2025 16:59:25,12/17/2025 17:03:46,,,,,41.79,-87.6,41.79,-87.59,member,4,4
92DB64B88E09D7EA,electric_bike,12/24/2025 6:22:50,12/24/2025 6:27:10,,,,,41.78,-87.6,41.79,-87.61,member,4,4
4AB3F7DBC2D2A81A,electric_bike,12/20/2025 6:54:31,12/20/2025 6:58:35,,,,,41.78,-87.6,41.79,-87.61,member,4,7
EC47CA14C69640A8,electric_bike,12/11/2025 15:00:43,12/11/2025 15:04:57,,,,,41.79,-87.6,41.79,-87.61,member,4,5
620BF121249E8AC4,electric_bike,12/1/2025 10:51:55,12/1/2025 10:56:04,,,,,41.79,-87.6,41.79,-87.6,member,4,2
189DC642D69F7B86,electric_bike,12/3/2025 16:05:20,12/3/2025 16:11:48,,,,,41.79,-87.6,41.79,-87.59,member,6,4
6115EA2EF83BBE10,electric_bike,12/9/2025 16:17:14,12/9/2025 16:27:20,,,,,41.78,-87.6,41.79,-87.58,casual,10,3
45DE1D56687B7F48,electric_bike,12/6/2025 6:43:49,12/6/2025 6:51:05,,,,,41.81,-87.66,41.79,-87.66,member,7,7
2CC7A1A089738FC6,electric_bike,12/29/2025 13:43:12,12/29/2025 13:48:05,,,,,41.79,-87.6,41.79,-87.62,casual,4,2
154F763945C5108A,electric_bike,12/4/2025 12:45:33,12/4/2025 12:57:02,,,,,41.77,-87.61,41.79,-87.6,member,11,5
3293057B77D2E692,electric_bike,12/7/2025 9:27:44,12/7/2025 9:33:44,,,,,41.79,-87.6,41.79,-87.6,member,6,1
CFF536AB50587AC0,electric_bike,12/4/2025 10:53:29,12/4/2025 10:59:51,,,,,41.8,-87.59,41.79,-87.6,member,6,5
4FD4C4D595451403,electric_bike,12/12/2025 9:52:42,12/12/2025 9:57:31,,,,,41.79,-87.59,41.79,-87.6,member,4,6
5672C713A6249F24,electric_bike,12/7/2025 11:19:40,12/7/2025 11:38:31,,,,,41.79,-87.59,41.79,-87.6,member,18,1
FD50FBE15F5D5F85,electric_bike,12/11/2025 14:47:43,12/11/2025 14:53:11,,,,,41.8,-87.6,41.79,-87.6,member,5,5
6D41F5EC68B10A6E,electric_bike,12/18/2025 2:13:08,12/18/2025 2:17:16,,,,,41.78,-87.59,41.79,-87.59,member,4,5
716CEBDB0A7D5784,electric_bike,12/4/2025 17:47:29,12/4/2025 17:51:58,,,,,41.79,-87.59,41.79,-87.59,member,4,5
C7461A058977C7CE,electric_bike,12/8/2025 15:14:57,12/8/2025 15:22:33,,,,,41.79,-87.6,41.79,-87.58,member,7,2
14557E22482BCAA7,electric_bike,12/11/2025 9:56:13,12/11/2025 10:00:50,,,,,41.78,-87.6,41.79,-87.6,member,4,5
8DEFC5F778FBA232,electric_bike,12/2/2025 9:29:18,12/2/2025 9:34:46,,,,,41.79,-87.59,41.79,-87.6,casual,5,3
7AEA586BCB3D8CAB,electric_bike,12/12/2025 10:54:48,12/12/2025 10:58:15,,,,,41.79,-87.6,41.79,-87.59,casual,3,6
22933184EAA8E552,electric_bike,12/7/2025 21:47:31,12/7/2025 21:52:01,,,,,41.79,-87.6,41.79,-87.59,member,4,1
E83B1BE482050700,electric_bike,12/10/2025 12:49:25,12/10/2025 12:56:50,,,,,41.8,-87.58,41.79,-87.59,member,7,4
6ACD9BDDACF9E914,electric_bike,12/5/2025 14:18:34,12/5/2025 14:24:41,,,,,41.8,-87.6,41.79,-87.59,member,6,6
D21DD8C35F9CD712,electric_bike,12/10/2025 15:42:00,12/10/2025 15:45:40,,,,,41.78,-87.6,41.79,-87.6,member,3,4
0EC663D884DD7147,electric_bike,12/6/2025 15:15:12,12/6/2025 15:20:26,,,,,41.78,-87.61,41.79,-87.6,member,5,7
354C5705340D37B9,electric_bike,12/3/2025 10:16:40,12/3/2025 10:20:56,,,,,41.79,-87.59,41.79,-87.6,member,4,4
50B5342D2B87C02D,electric_bike,12/5/2025 1:09:13,12/5/2025 1:26:42,,,,,41.79,-87.59,41.79,-87.59,casual,17,6
857B532D5E80DD73,electric_bike,12/24/2025 15:57:20,12/24/2025 16:11:21,,,,,41.8,-87.59,41.79,-87.59,member,14,4
B214A7EB6FB025D7,electric_bike,12/6/2025 12:46:45,12/6/2025 12:53:13,,,,,41.79,-87.6,41.79,-87.6,casual,6,7
E021ECDC03C11AC6,electric_bike,12/4/2025 9:29:19,12/4/2025 9:31:19,,,,,41.79,-87.6,41.79,-87.6,member,2,5
F50A72A45081EBA4,electric_bike,12/8/2025 9:38:52,12/8/2025 9:49:33,,,,,41.8,-87.6,41.79,-87.6,casual,10,2
0AACD3B6B69A6B81,electric_bike,12/3/2025 22:28:17,12/3/2025 22:33:07,,,,,41.8,-87.6,41.79,-87.6,member,4,4
D4BB3C98FAC6A8E3,electric_bike,12/9/2025 13:19:38,12/9/2025 13:24:28,,,,,41.78,-87.6,41.79,-87.6,member,4,3
F1A88C5B20212D0C,electric_bike,12/12/2025 10:31:21,12/12/2025 10:49:11,,,,,41.79,-87.6,41.79,-87.6,member,17,6
1BF6720875487784,electric_bike,12/10/2025 14:02:25,12/10/2025 14:08:10,,,,,41.79,-87.6,41.79,-87.6,member,5,4
E76DFB180674035A,electric_bike,12/5/2025 14:54:15,12/5/2025 15:01:09,,,,,41.79,-87.58,41.79,-87.6,casual,6,6
DC16555292089C6F,electric_bike,12/16/2025 14:43:40,12/16/2025 15:07:13,,,,,41.8,-87.59,41.79,-87.6,member,23,3
B103FFEAC70664FD,electric_bike,12/6/2025 15:38:31,12/6/2025 16:05:29,,,,,41.85,-87.63,41.79,-87.6,casual,26,7
34637C4C206BB162,electric_bike,12/14/2025 17:46:07,12/14/2025 17:51:21,,,,,41.79,-87.6,41.79,-87.58,casual,5,1
BAD1C018DDF57F71,electric_bike,12/5/2025 14:11:26,12/5/2025 14:14:59,,,,,41.78,-87.6,41.79,-87.6,casual,3,6
D187DF43D09A3F08,electric_bike,12/5/2025 5:55:34,12/5/2025 6:00:08,,,,,41.78,-87.6,41.79,-87.6,member,4,6
994AF242BE0A04E2,electric_bike,12/12/2025 15:25:52,12/12/2025 15:28:02,,,,,41.79,-87.6,41.79,-87.6,casual,2,6
EDA9B997EE63D190,electric_bike,12/9/2025 13:01:42,12/9/2025 13:04:12,,,,,41.79,-87.6,41.79,-87.6,casual,2,3
5A6986AFDAB11F40,electric_bike,12/3/2025 10:21:28,12/3/2025 10:29:05,,,,,41.8,-87.59,41.79,-87.6,member,7,4
8F4ED30A2899AAED,electric_bike,12/17/2025 13:13:34,12/17/2025 13:22:57,,,,,41.8,-87.59,41.79,-87.61,member,9,4